,Token,MeanMinusStdev_HIGH,MeanMinusStdev_LOW,Difference
54,In,0.0008659651953166706,-0.00038289167965714914,0.0012488568749738198
260,To,0.0,-0.0008491381276943275,0.0008491381276943275
298,Of,0.0,-0.0007663187964888668,0.0007663187964888668
208,Says,0.0,-0.000646579362907996,0.000646579362907996
1,to,0.02314761255664928,0.022532755200335118,0.0006148573563141621
206,Mln,0.0,-0.0006064062476978584,0.0006064062476978584
107,Beijing,0.00055753923534087,0.0,0.00055753923534087
138,calls,0.0004979603744259622,-5.873192173690481e-05,0.000556692296162867
125,50,0.0005219516245744314,0.0,0.0005219516245744314
147,amid,0.000457721152250127,-5.852807302166653e-05,0.0005162492252717935
152,day,0.00043760154116220936,-5.931659794931838e-05,0.0004969181391115277
141,Shenzhen,0.0004929304716539829,0.0,0.0004929304716539829
157,Oil,0.0004225118328462711,-5.90475529597286e-05,0.00048155938580599967
207,Profit,0.0,-0.0004803457827281148,0.0004803457827281148
205,Share,0.0,-0.00045575706565984106,0.00045575706565984106
12,up,0.0034401357074223893,0.003004838368349895,0.00043529733907249433
200,Announces,0.0,-0.00042735882904577807,0.00042735882904577807
130,20,0.0005029902771979417,9.40474230901003e-05,0.00040894285410784145
117,stock,0.0005331696938298183,0.00013288955994469545,0.0004002801338851228
114,percent,0.0005381995966017975,0.00013886175101373395,0.0003993378455880636
7,UPDATE,0.0061817505067627045,0.005789469125735884,0.00039228138102682074
42,German,0.0010864589987475543,0.0006985066880563135,0.00038795231069124075
210,Million,0.0,-0.0003799129947027702,0.0003799129947027702
195,Per,0.0,-0.00036571387639573846,0.00036571387639573846
146,source,0.0004577211522501271,9.272581890676522e-05,0.0003649953333433618
31,down,0.001304879061436079,0.0009438652263035217,0.0003610138351325573
145,debt,0.0004778407633380446,0.00012196038046538576,0.00035588038287265886
199,Net,0.0,-0.00035463163771707977,0.00035463163771707977
63,Russian,0.0008303775845502319,0.0004766606936262879,0.00035371689092394395
196,And,0.0,-0.0003274455209584952,0.0003274455209584952
61,fall,0.0008422401214723781,0.0005198661353639805,0.00032237398610839767
151,group,0.0004426314439341887,0.00012124303314256366,0.00032138841079162503
202,For,0.0,-0.0003209134285050001,0.0003209134285050001
211,With,0.0,-0.000306320003477302,0.000306320003477302
97,Olympics,0.0005931268461073085,0.0002874400142566508,0.0003056868318506577
215,Up,0.0,-0.0002883113656244814,0.0002883113656244814
198,Reports,0.0,-0.0002718611675858475,0.0002718611675858475
218,Loss,0.0,-0.0002536793697536727,0.0002536793697536727
213,As,0.0,-0.0002521209299394865,0.0002521209299394865
216,At,0.0,-0.0002512551300427163,0.0002512551300427163
225,Pct,0.0,-0.00022493481318090183,0.00022493481318090183
69,Britain,0.0007645452213408715,0.0005402719880015075,0.00022427323333936398
226,On,0.0,-0.00021974001380028032,0.00021974001380028032
217,Dec,0.0,-0.00021870105392415612,0.00021870105392415612
149,revenue,0.00044766134670616814,0.00022966929382543853,0.0002179920528807296
44,Brexit,0.00103615997102776,0.0008253706506507661,0.00021078932037699389
66,won,0.0007997545407447274,0.0005902521328844703,0.00020950240786025704
185,Posts,0.0,-0.00020450193561712452,0.00020450193561712452
9,as,0.004989663549803582,0.004794347392294062,0.00019531615750952025
171,Agreement,0.0,-0.00018770541761978248,0.00018770541761978248
203,Shares,0.0,-0.0001819911383010991,0.0001819911383010991
220,Earnings,0.0,-0.0001793937386107885,0.0001793937386107885
351,2015,0.0,-0.00017283454182605507,0.00017283454182605507
169,From,0.0,-0.0001705625796637323,0.0001705625796637323
89,European,0.000628714456873747,0.0004636154268202609,0.0001650990300534861
2,s,0.015069588704850336,0.014911897064429164,0.00015769164042117242
32,New,0.0012692914506696401,0.0011151660630896033,0.00015412538758003682
161,Revenue,0.0,-0.00015116866197607945,0.00015116866197607945
39,Russia,0.001116638415379431,0.0009708472350259754,0.00014579118035345563
187,Unit,0.0,-0.0001440691028225636,0.0001440691028225636
96,loss,0.0005931268461073086,0.0004526211779745581,0.00014050566813275048
51,Technology,0.000901552806083109,0.000766004288622505,0.00013554851746060397
286,Sales,0.0,-0.0001354111038548615,0.0001354111038548615
180,Stake,0.0,-0.0001347184639374454,0.0001347184639374454
170,Jan,0.0,-0.0001343721439787373,0.0001343721439787373
176,Board,0.0,-0.0001317747442884267,0.0001317747442884267
182,Bln,0.0,-0.0001270994248458675,0.0001270994248458675
173,Qtr,0.0,-0.00012363622525878666,0.00012363622525878666
98,bond,0.0005812643091851625,0.0004587869679091966,0.00012247734127596583
56,Japan,0.0008659651953166704,0.0007450607882928009,0.00012090440702386949
268,By,0.0,-0.00012017302567170576,0.00012017302567170576
34,sees,0.001245566376825348,0.0011263285828661217,0.00011923779395922639
64,set,0.0008098143462886863,0.0006909821356375581,0.00011883221065112819
283,Qtrly,0.0,-0.00011774878596074921,0.00011774878596074921
177,The,0.0,-0.00011688298606397901,0.00011688298606397901
62,pay,0.0008349638601485832,0.0007181574538188602,0.00011680640632972302
214,Y,0.0,-0.00011272714655948196,0.00011272714655948196
163,Rises,0.0,-0.00011047606682787942,0.00011047606682787942
272,Offering,0.0,-0.00010805182711692271,0.00010805182711692271
126,low,0.0005219516245744313,0.0004141990169976608,0.00010775260757677055
277,Appoints,0.0,-0.00010458862752984186,0.00010458862752984186
252,Feb,0.0,-0.00010424230757113381,0.00010424230757113381
175,Sees,0.0,-0.00010337650767436362,0.00010337650767436362
80,sell,0.0006589172631293037,0.0005558982620310892,0.0001030190010982145
23,CEO,0.0017805855812807136,0.0016805538592501797,0.00010003172203053388
245,About,0.0,-9.662326847955594e-05,9.662326847955594e-05
288,Its,0.0,-9.506482866536951e-05,9.506482866536951e-05
522,co,0.0,-9.493241569750346e-05,9.493241569750346e-05
84,top,0.0006387976520413859,0.0005443113832536136,9.448626878777228e-05
246,Stock,0.0,-9.108214914022657e-05,9.108214914022657e-05
249,Year,0.0,-9.056266920216444e-05,9.056266920216444e-05
247,Yuan,0.0,-9.004318926410235e-05,9.004318926410235e-05
264,Issue,0.0,-8.98700292847483e-05,8.98700292847483e-05
521,qtr,0.0,-8.93746635126813e-05,8.93746635126813e-05
275,Signs,0.0,-8.935054934668615e-05,8.935054934668615e-05
279,Dividend,0.0,-8.796526951185377e-05,8.796526951185377e-05
160,Percent,0.0,-8.70994696150836e-05,8.70994696150836e-05
308,placement,0.0,-8.306356263376851e-05,8.306356263376851e-05
368,Rio,0.0,-8.059062622583002e-05,8.059062622583002e-05
243,tech,0.0,-8.034623042027592e-05,8.034623042027592e-05
520,Tax,0.0,-7.826831066802734e-05,7.826831066802734e-05
168,Expects,0.0,-7.688303083319502e-05,7.688303083319502e-05
519,tariffs,0.0,-7.670987085384105e-05,7.670987085384105e-05
518,Total,0.0,-7.670987085384105e-05,7.670987085384105e-05
248,Development,0.0,-7.670987085384105e-05,7.670987085384105e-05
517,Obama,0.0,-7.591576013959024e-05,7.591576013959024e-05
435,yen,0.0,-7.479785737983727e-05,7.479785737983727e-05
231,Management,0.0,-7.44587911222384e-05,7.44587911222384e-05
120,worth,0.000528139791057839,0.00045412569267378865,7.401409838405032e-05
53,yuan,0.0008752030823244185,0.0008015030601701903,7.370002215422822e-05
516,Attributable,0.0,-7.359299122546822e-05,7.359299122546822e-05
327,York,0.0,-7.323956868442397e-05,7.323956868442397e-05
366,July,0.0,-7.320569284321936e-05,7.320569284321936e-05
515,Clinton,0.0,-7.246042433671732e-05,7.246042433671732e-05
193,outlook,0.0,-7.23926726543081e-05,7.23926726543081e-05
514,enters,0.0,-7.237595300144581e-05,7.237595300144581e-05
426,Islamic,0.0,-7.22232934482848e-05,7.22232934482848e-05
513,London,0.0,-7.185021968666536e-05,7.185021968666536e-05
427,change,0.0,-7.07987530571044e-05,7.07987530571044e-05
512,war,0.0,-7.06492715764495e-05,7.06492715764495e-05
511,Property,0.0,-7.012979163838738e-05,7.012979163838738e-05
43,stocks,0.0010439032491488627,0.0009742537395639918,6.96495095848709e-05
510,increase,0.0,-6.929665787201733e-05,6.929665787201733e-05
267,inflation,0.0,-6.89176717829091e-05,6.89176717829091e-05
266,Euros,0.0,-6.805187188613882e-05,6.805187188613882e-05
253,Notes,0.0,-6.787871190678477e-05,6.787871190678477e-05
58,sources,0.000855083471236501,0.000787227150010802,6.785632122569896e-05
281,Common,0.0,-6.73592319687227e-05,6.73592319687227e-05
276,Acquire,0.0,-6.718607198936865e-05,6.718607198936865e-05
509,Acquisition,0.0,-6.718607198936865e-05,6.718607198936865e-05
331,watch,0.0,-6.717579310879405e-05,6.717579310879405e-05
212,lower,0.0,-6.697253806156619e-05,6.697253806156619e-05
508,leader,0.0,-6.683975203066055e-05,6.683975203066055e-05
261,Down,0.0,-6.683975203066055e-05,6.683975203066055e-05
428,approves,0.0,-6.654281669935767e-05,6.654281669935767e-05
507,updates,0.0,-6.651778177960618e-05,6.651778177960618e-05
119,Fed,0.000528139791057839,0.0004616867059556702,6.645308510216876e-05
194,Trade,0.0,-6.63202720925984e-05,6.63202720925984e-05
506,April,0.0,-6.605789034904106e-05,6.605789034904106e-05
258,Falls,0.0,-6.59739521338903e-05,6.59739521338903e-05
505,Kong,0.0,-6.59739521338903e-05,6.59739521338903e-05
159,global,0.0,-6.510936679531121e-05,6.510936679531121e-05
271,Securities,0.0,-6.51081522371201e-05,6.51081522371201e-05
504,Hong,0.0,-6.493499225776608e-05,6.493499225776608e-05
230,100,0.0,-6.458867229905798e-05,6.458867229905798e-05
239,Income,0.0,-6.441551231970393e-05,6.441551231970393e-05
503,Files,0.0,-6.441551231970393e-05,6.441551231970393e-05
320,power,0.0,-6.438981360073286e-05,6.438981360073286e-05
405,investors,0.0,-6.433022244760456e-05,6.433022244760456e-05
316,t,0.0,-6.426247076519529e-05,6.426247076519529e-05
502,annual,0.0,-6.393918504520672e-05,6.393918504520672e-05
224,Senior,0.0,-6.37228724022878e-05,6.37228724022878e-05
501,assets,0.0,-6.365270562351186e-05,6.365270562351186e-05
236,Business,0.0,-6.320339246422568e-05,6.320339246422568e-05
500,acquires,0.0,-6.3012893014403e-05,6.3012893014403e-05
499,senior,0.0,-6.296282317490014e-05,6.296282317490014e-05
498,policy,0.0,-6.278757873663999e-05,6.278757873663999e-05
497,energy,0.0,-6.226379613412172e-05,6.226379613412172e-05
496,Turkish,0.0,-6.226379613412172e-05,6.226379613412172e-05
495,common,0.0,-6.22618454218595e-05,6.22618454218595e-05
494,7,0.0,-6.222992029291714e-05,6.222992029291714e-05
493,HY,0.0,-6.19363914650906e-05,6.19363914650906e-05
492,income,0.0,-6.188632162558775e-05,6.188632162558775e-05
491,output,0.0,-6.165403099243831e-05,6.165403099243831e-05
369,rules,0.0,-6.165403099243831e-05,6.165403099243831e-05
490,rally,0.0,-6.158627931002899e-05,6.158627931002899e-05
375,take,0.0,-6.151852762761973e-05,6.151852762761973e-05
489,Increase,0.0,-6.147179267068523e-05,6.147179267068523e-05
488,executive,0.0,-6.136058831080721e-05,6.136058831080721e-05
188,Pharmaceutical,0.0,-6.129863269133118e-05,6.129863269133118e-05
189,Chairman,0.0,-6.129863269133118e-05,6.129863269133118e-05
158,Partners,0.0,-6.112547271197713e-05,6.112547271197713e-05
487,boost,0.0,-6.104426585075486e-05,6.104426585075486e-05
486,Company,0.0,-6.095231273262308e-05,6.095231273262308e-05
257,Street,0.0,-6.095231273262308e-05,6.095231273262308e-05
484,Enters,0.0,-6.043283279456098e-05,6.043283279456098e-05
485,Technologies,0.0,-6.043283279456098e-05,6.043283279456098e-05
483,Sept,0.0,-6.000870264422884e-05,6.000870264422884e-05
305,economy,0.0,-5.9960238932206446e-05,5.9960238932206446e-05
482,rates,0.0,-5.992636309100187e-05,5.992636309100187e-05
481,15,0.0,-5.991335285649883e-05,5.991335285649883e-05
480,Into,0.0,-5.9740192877144805e-05,5.9740192877144805e-05
403,firms,0.0,-5.9740192877144805e-05,5.9740192877144805e-05
479,gains,0.0,-5.951985299654624e-05,5.951985299654624e-05
478,FDA,0.0,-5.945793440969695e-05,5.945793440969695e-05
332,sells,0.0,-5.941822547293231e-05,5.941822547293231e-05
116,MARKETS,0.0005338141614965776,0.00047439657753701797,5.941758395955961e-05
227,Contract,0.0,-5.9393872918436704e-05,5.9393872918436704e-05
57,STOCKS,0.00086514327678046,0.000805788631344187,5.9354645436272965e-05
381,rights,0.0,-5.928272210811372e-05,5.928272210811372e-05
477,was,0.0,-5.925765505168529e-05,5.925765505168529e-05
476,Be,0.0,-5.9220712939082653e-05,5.9220712939082653e-05
475,official,0.0,-5.90475529597286e-05,5.90475529597286e-05
474,ban,0.0,-5.8581712218396144e-05,5.8581712218396144e-05
262,31,0.0,-5.835491304231248e-05,5.835491304231248e-05
256,Shanghai,0.0,-5.813108366287001e-05,5.813108366287001e-05
473,euro,0.0,-5.7204791632066285e-05,5.7204791632066285e-05
36,EU,0.0011719673458712044,0.0011269703364328435,4.499700943836086e-05
72,growth,0.0007473398260952088,0.0007033437003574386,4.399612573777016e-05
40,India,0.0011032159337595938,0.0010595493564382126,4.366657732138117e-05
11,1,0.004476613467061682,0.004434369765884781,4.224370117690123e-05
106,it,0.00055753923534087,0.0005157882580626369,4.175097727823307e-05
75,A,0.0007117522153287702,0.000674073380919827,3.767883440894317e-05
68,5,0.0007710648999395011,0.0007339135752356365,3.715132470386462e-05
83,may,0.0006387976520413859,0.000610370448029452,2.8427204011933897e-05
65,buy,0.0008098143462886863,0.000782004418156998,2.7809928131688317e-05
85,its,0.0006337677492694066,0.0006103907593115769,2.337698995782977e-05
113,IPO,0.0005381995966017975,0.0005198648318575278,1.8334764744269705e-05
73,market,0.0007444256102529537,0.0007327958667298661,1.1629743523087588e-05
67,off,0.0007829274368616472,0.0007791547055467833,3.772731314863895e-06
144,higher,0.0004863640138079929,0.00048337811108970224,2.9859027182906886e-06
95,North,0.0005935285270935713,0.0005917963896151367,1.7321374784346182e-06
401,dead,0.0,0.0,0.0
402,polls,0.0,0.0,0.0
417,show,0.0,0.0,0.0
406,close,0.0,0.0,0.0
408,Sox,0.0,0.0,0.0
411,watchdog,0.0,0.0,0.0
296,drop,0.0,0.0,0.0
413,study,0.0,0.0,0.0
414,missile,0.0,0.0,0.0
415,21,0.0,0.0,0.0
299,merger,0.0,0.0,0.0
416,have,0.0,0.0,0.0
419,markets,0.0,0.0,0.0
418,date,0.0,0.0,0.0
441,Syrian,0.0,0.0,0.0
439,patent,0.0,0.0,0.0
431,claims,0.0,0.0,0.0
430,warns,0.0,0.0,0.0
429,Sterling,0.0,0.0,0.0
282,Consol,0.0,0.0,0.0
440,all,0.0,0.0,0.0
425,offers,0.0,0.0,0.0
400,Taiwan,0.0,0.0,0.0
424,head,0.0,0.0,0.0
284,EPS,0.0,0.0,0.0
438,gas,0.0,0.0,0.0
422,regulator,0.0,0.0,0.0
421,due,0.0,0.0,0.0
420,public,0.0,0.0,0.0
300,protest,0.0,0.0,0.0
342,referendum,0.0,0.0,0.0
301,California,0.0,0.0,0.0
364,Aug.,0.0,0.0,0.0
377,Europe,0.0,0.0,0.0
374,military,0.0,0.0,0.0
373,former,0.0,0.0,0.0
322,would,0.0,0.0,0.0
370,funds,0.0,0.0,0.0
367,fears,0.0,0.0,0.0
324,div,0.0,0.0,0.0
317,22,0.0,0.0,0.0
326,Indian,0.0,0.0,0.0
278,St,0.0,0.0,0.0
333,foreign,0.0,0.0,0.0
357,before,0.0,0.0,0.0
340,Orlando,0.0,0.0,0.0
356,Court,0.0,0.0,0.0
378,FOREX,0.0,0.0,0.0
379,that,0.0,0.0,0.0
399,hopes,0.0,0.0,0.0
307,launch,0.0,0.0,0.0
396,open,0.0,0.0,0.0
302,ECB,0.0,0.0,0.0
390,Egypt,0.0,0.0,0.0
303,campaign,0.0,0.0,0.0
389,Nigeria,0.0,0.0,0.0
306,equity,0.0,0.0,0.0
387,lead,0.0,0.0,0.0
383,Tesla,0.0,0.0,0.0
386,shooting,0.0,0.0,0.0
309,Supreme,0.0,0.0,0.0
311,killed,0.0,0.0,0.0
385,backs,0.0,0.0,0.0
312,Yellen,0.0,0.0,0.0
384,Pharma,0.0,0.0,0.0
328,Senate,0.0,0.0,0.0
285,January,0.0,0.0,0.0
436,launches,0.0,0.0,0.0
237,demand,0.0,0.0,0.0
234,Rise,0.0,0.0,0.0
244,First,0.0,0.0,0.0
232,GAAP,0.0,0.0,0.0
228,yields,0.0,0.0,0.0
223,sanctions,0.0,0.0,0.0
165,Medical,0.0,0.0,0.0
221,Tech,0.0,0.0,0.0
255,Apple,0.0,0.0,0.0
259,opposition,0.0,0.0,0.0
219,Estate,0.0,0.0,0.0
166,Bancorp,0.0,0.0,0.0
167,risk,0.0,0.0,0.0
178,LIVE,0.0,0.0,0.0
183,Gets,0.0,0.0,0.0
265,Super,0.0,0.0,0.0
184,GLOBAL,0.0,0.0,0.0
186,Halt,0.0,0.0,0.0
190,Bowl,0.0,0.0,0.0
191,Singapore,0.0,0.0,0.0
241,Trading,0.0,0.0,0.0
123,State,0.0005219516245744316,0.0005226828094593642,-7.311848849326846e-07
197,2018,0.0,4.771072328095213e-06,-4.771072328095213e-06
100,hit,0.0005734089160056536,0.0005845423888147826,-1.1133472809129064e-05
118,Korea,0.0005331696938298183,0.0005468619101005601,-1.3692216270741811e-05
37,year,0.0011669374430992247,0.0011832878405351444,-1.6350397435919723e-05
139,could,0.0004929304716539829,0.0005098523706015224,-1.692189894753949e-05
115,Financial,0.0005338141614965777,0.0005525836128355375,-1.8769451338959773e-05
154,than,0.0004275417356182505,0.00045544183598547605,-2.7900100367225572e-05
60,talks,0.0008422401214723781,0.0008705356029601403,-2.8295481487762217e-05
88,Wall,0.000628714456873747,0.0006575561266530854,-2.8841669779338373e-05
127,CFO,0.0005100890876522853,0.0005434142101164358,-3.332512246415054e-05
155,raises,0.00042251183284627115,0.0004603524462550731,-3.7840613408801974e-05
94,is,0.00060358833263753,0.0006414939927881489,-3.790566015061893e-05
128,week,0.0005080201799699212,0.0005499895683244324,-4.196938835451119e-05
137,banks,0.0004979603744259624,0.0005425945789160121,-4.463420449004967e-05
104,win,0.0005583192076897155,0.0006029989840779325,-4.4679776388217005e-05
121,rises,0.0005231098882858595,0.00056816472547802,-4.505483719216053e-05
71,firm,0.0007544854157969128,0.0007998475893790802,-4.5362173582167375e-05
136,RPT,0.0004979603744259624,0.0005458833194827863,-4.792294505682386e-05
103,Brazil,0.0005683790132336743,0.0006165608227897514,-4.818180955607713e-05
20,over,0.002182977803039067,0.0022316114124406638,-4.863360940159664e-05
30,unit,0.0013077747207146484,0.0013614875610324893,-5.371284031784095e-05
92,against,0.0006136481381814889,0.0006687909109682695,-5.5142772786780634e-05
59,more,0.0008500535684645215,0.000906324556112749,-5.62709876482275e-05
27,bln,0.0015290904426817431,0.0015882103139563358,-5.9119871274592676e-05
26,the,0.0015693296648575782,0.00162888620667682,-5.9556541819241705e-05
46,sales,0.0009964531014602781,0.0010562982645285746,-5.984516306829649e-05
55,South,0.0008659651953166704,0.0009275820243236082,-6.161682900693776e-05
148,police,0.00044766134670616825,0.0005095797574295712,-6.191841072340299e-05
91,into,0.0006186780409534684,0.0006836495770503041,-6.497153609683569e-05
140,bonds,0.0004929304716539829,0.0005592979933883761,-6.636752173439311e-05
101,out,0.0005734089160056536,0.0006403494160471051,-6.694050004145153e-05
78,trade,0.0006761646045623317,0.0007433612938277991,-6.719668926546745e-05
112,business,0.0005432294993737771,0.0006136816365301029,-7.045213715632572e-05
90,first,0.0006237079437254477,0.0006965777044301513,-7.286976070470369e-05
8,U.S.,0.00570390974342466,0.005779450121873606,-7.554037844894647e-05
102,4,0.0005694017722630162,0.000647674525149596,-7.827275288657979e-05
49,will,0.0009204722072722335,0.001001890907209051,-8.141869993681747e-05
81,dividend,0.0006438275548133654,0.0007257823101739346,-8.19547553605692e-05
35,a,0.0012337038399032017,0.001316586553352831,-8.288271344962929e-05
280,REFILE,0.0,8.325441408088484e-05,-8.325441408088484e-05
472,years,0.0,8.40240601078671e-05,-8.40240601078671e-05
336,second,0.0,8.601187883973906e-05,-8.601187883973906e-05
310,trial,0.0,8.638941353354682e-05,-8.638941353354682e-05
471,probe,0.0,8.7298384594935e-05,-8.7298384594935e-05
323,Chinese,0.0,8.730769354793548e-05,-8.730769354793548e-05
470,non,0.0,8.809917237611274e-05,-8.809917237611274e-05
391,Factors,0.0,8.85704751395508e-05,-8.85704751395508e-05
273,Africa,0.0,8.888245822076871e-05,-8.888245822076871e-05
469,Gold,0.0,8.93180940198925e-05,-8.93180940198925e-05
468,issues,0.0,8.980517708831587e-05,-8.980517708831587e-05
467,receives,0.0,8.986461875059321e-05,-8.986461875059321e-05
162,past,0.0,9.038687068308902e-05,-9.038687068308902e-05
466,SEC,0.0,9.166439890573216e-05,-9.166439890573216e-05
297,30,0.0,9.298133506267737e-05,-9.298133506267737e-05
465,gold,0.0,9.303573219639934e-05,-9.303573219639934e-05
181,No,0.0,9.43530118780711e-05,-9.43530118780711e-05
464,chairman,0.0,9.555661437366458e-05,-9.555661437366458e-05
463,Ltd,0.0,9.566465663341287e-05,-9.566465663341287e-05
77,high,0.0006890966797611802,0.0007848522101587522,-9.5755530397572e-05
314,case,0.0,9.598094814223607e-05,-9.598094814223607e-05
462,zlotys,0.0,9.637659693417121e-05,-9.637659693417121e-05
380,acquisition,0.0,9.678093146556511e-05,-9.678093146556511e-05
461,drug,0.0,9.716678261109652e-05,-9.716678261109652e-05
338,buys,0.0,9.768863870829943e-05,-9.768863870829943e-05
460,approval,0.0,9.77623179301095e-05,-9.77623179301095e-05
321,names,0.0,9.836840913941852e-05,-9.836840913941852e-05
124,but,0.0005219516245744314,0.0006205903470271324,-9.863872245270092e-05
410,credit,0.0,9.897681319026604e-05,-9.897681319026604e-05
350,June,0.0,9.973924928922636e-05,-9.973924928922636e-05
289,House,0.0,9.989452800894037e-05,-9.989452800894037e-05
459,notes,0.0,0.00010057870807673883,-0.00010057870807673883
458,election,0.0,0.00010110361474994524,-0.00010110361474994524
254,S,0.0,0.0001014063558694085,-0.0001014063558694085
398,seeks,0.0,0.00010146455075751496,-0.00010146455075751496
395,loan,0.0,0.00010287194362474674,-0.00010287194362474674
457,files,0.0,0.00010326303896343434,-0.00010326303896343434
229,cut,0.0,0.00010372551303207368,-0.00010372551303207368
397,expects,0.0,0.0001051219873490484,-0.0001051219873490484
456,financial,0.0,0.00010513418771845124,-0.00010513418771845124
108,000,0.00055753923534087,0.0006632394359715479,-0.00010570020063067789
455,qtrly,0.0,0.00010733201376414273,-0.00010733201376414273
432,acquire,0.0,0.00010737732077729088,-0.00010737732077729088
454,attack,0.0,0.00010748171329502183,-0.00010748171329502183
453,y,0.0,0.00010810543754756474,-0.00010810543754756474
452,quarter,0.0,0.00010927915432372762,-0.00010927915432372762
451,cuts,0.0,0.00010930491954761807,-0.00010930491954761807
172,Co,0.0,0.00011074993803902096,-0.00011074993803902096
349,vote,0.0,0.0001127034114254553,-0.0001127034114254553
382,price,0.0,0.00011396510568423523,-0.00011396510568423523
353,private,0.0,0.0001149323905811257,-0.0001149323905811257
394,company,0.0,0.00011511748726137906,-0.00011511748726137906
131,court,0.0005029902771979417,0.0006182882359176967,-0.00011529795871975494
450,results,0.0,0.00011716042068780767,-0.00011716042068780767
334,trading,0.0,0.00011860473469581516,-0.00011860473469581516
132,record,0.0005029902771979417,0.0006223551231876839,-0.00011936484598974219
29,UK,0.0013178345262586074,0.0014379500445385648,-0.00012011551827995743
449,9,0.0,0.00012088894607513348,-0.00012088894607513348
393,offer,0.0,0.00012132407069965389,-0.00012132407069965389
372,contract,0.0,0.00012155906863509,-0.00012155906863509
156,about,0.00042251183284627115,0.0005473982614196876,-0.00012488642857341644
330,investment,0.0,0.00012581381013052886,-0.00012581381013052886
33,3,0.0012625055957668336,0.0013901692619707048,-0.00012766366620387123
24,shares,0.0016699277202971668,0.0017995579873556562,-0.0001296302670584894
434,rate,0.0,0.0001304451939437354,-0.0001304451939437354
135,prices,0.0004982265507301391,0.0006289461362400983,-0.00013071958550995926
362,capital,0.0,0.00013086251960988218,-0.00013086251960988218
153,chief,0.0004376015411622093,0.000570425977353211,-0.0001328244361910017
164,Investment,0.0,0.00013321254683905989,-0.00013321254683905989
360,gets,0.0,0.00013394516359591113,-0.00013394516359591113
109,Canada,0.0005532893049177359,0.0006877014625893207,-0.00013441215767158476
315,offering,0.0,0.00013563297434959304,-0.00013563297434959304
235,falls,0.0,0.00013625794540569848,-0.00013625794540569848
233,Syria,0.0,0.00013697476561193251,-0.00013697476561193251
142,back,0.00048636401380799303,0.0006287570541512453,-0.00014239304034325227
13,China,0.0033452354120452193,0.0034887586249188764,-0.00014352321287365707
122,plans,0.0005231098882858595,0.0006680575474460626,-0.00014494765916020307
335,sale,0.0,0.00014598022538095336,-0.00014598022538095336
361,appoints,0.0,0.00014846612742423114,-0.00014846612742423114
74,US,0.0007243059991650361,0.000877273018271063,-0.00015296701910602682
143,Australia,0.00048636401380799303,0.0006394286137485964,-0.00015306459994060334
179,month,0.0,0.00015365495815160995,-0.00015365495815160995
18,2,0.0022894696259742105,0.002444908983488533,-0.00015543935751432267
87,rise,0.000628714456873747,0.0007845539642999495,-0.00015583950742620247
70,be,0.0007645452213408714,0.0009243363865424022,-0.0001597911652015309
448,H1,0.0,0.00016366516341702146,-0.00016366516341702146
352,board,0.0,0.00016507772974628393,-0.00016507772974628393
339,issue,0.0,0.00016579840831077353,-0.00016579840831077353
47,oil,0.0009908908460799452,0.0011607809700888707,-0.00016989012400892554
111,Energy,0.0005456766984187238,0.000716544886841686,-0.00017086818842296215
447,posts,0.0,0.0001746144958526607,-0.0001746144958526607
99,bank,0.0005734089160056536,0.0007509892151809443,-0.00017758029917529076
50,not,0.0009053824989562953,0.0010856403205259878,-0.00018025782156969256
304,Fitch,0.0,0.000183069981773574,-0.000183069981773574
412,euros,0.0,0.0001874648702788823,-0.0001874648702788823
347,PlayerWatch,0.0,0.0002094509922296148,-0.0002094509922296148
134,tax,0.0004982265507301392,0.0007085197531761583,-0.0002102932024460191
133,Capital,0.0004982265507301393,0.0007239123318725743,-0.00022568578114243502
129,billion,0.0005080201799699212,0.0007354959827601616,-0.0002274758027902404
150,plan,0.0004426314439341888,0.000671244864267715,-0.0002286134203335262
22,from,0.0019516022755280138,0.002183893526204778,-0.000232291250676764
201,Q2,0.0,0.00024341832869714732,-0.00024341832869714732
16,after,0.002530041094305647,0.0027869257236570635,-0.00025688462935141666
76,stake,0.0006991564853051391,0.0009601672620622458,-0.00026101077675710666
93,million,0.0006035883326375301,0.0008715131939035837,-0.0002679248612660536
110,10,0.0005456766984187238,0.0008326551575918427,-0.0002869784591731189
21,mln,0.0021628581919511496,0.0024503539473656067,-0.00028749575541445714
344,Preview,0.0,0.00029509511863843056,-0.00029509511863843056
346,agreement,0.0,0.0002968389754720518,-0.0002968389754720518
263,Q3,0.0,0.00031253176857451014,-0.00031253176857451014
25,by,0.0015793894704015372,0.0018946487308971304,-0.0003152592604955932
17,pct,0.0023487823105849412,0.0026883612236401613,-0.0003395789130552201
222,earnings,0.0,0.00034013454442364415,-0.00034013454442364415
79,Holdings,0.0006643020676401854,0.0010068348046999788,-0.0003425327370597934
204,Q4,0.0,0.00038375471816539937,-0.00038375471816539937
82,net,0.0006405769937958931,0.001028901932176499,-0.00038832493838060586
446,Turkey,0.0,0.00039755410874518576,-0.00039755410874518576
14,with,0.0032241676768388064,0.003625869926999679,-0.0004017022501608728
341,2016,0.0,0.0004073252621527297,-0.0004073252621527297
388,Iran,0.0,0.00041500839957349486,-0.00041500839957349486
290,cash,0.0,0.0004267509094740236,-0.0004267509094740236
238,Asia,0.0,0.0004380126874305181,-0.0004380126874305181
445,hits,0.0,0.0004404019430128684,-0.0004404019430128684
240,EUR,0.0,0.00044199680314749307,-0.00044199680314749307
433,T,0.0,0.0004428951251295601,-0.0004428951251295601
444,C,0.0,0.00044374932633023324,-0.00044374932633023324
291,Global,0.0,0.0004449624760355718,-0.0004449624760355718
343,central,0.0,0.0004452660453716106,-0.0004452660453716106
325,Mexico,0.0,0.0004457046361092486,-0.0004457046361092486
409,state,0.0,0.00044687882306755736,-0.00044687882306755736
443,Italy,0.0,0.00044971114006399273,-0.00044971114006399273
52,share,0.0008953226934123363,0.0013454490767314702,-0.00045012638331913394
355,British,0.0,0.00045216063770444454,-0.00045216063770444454
319,reports,0.0,0.0004550324417813103,-0.0004550324417813103
423,president,0.0,0.0004572138173228592,-0.0004572138173228592
6,on,0.006629411853468874,0.007091140622282513,-0.0004617287688136393
437,Germany,0.0,0.00046363741209670597,-0.00046363741209670597
442,March,0.0,0.0004648287805013624,-0.0004648287805013624
407,French,0.0,0.00047028463929798175,-0.00047028463929798175
313,bid,0.0,0.0004725477430660408,-0.0004725477430660408
293,6,0.0,0.00047408298711023125,-0.00047408298711023125
359,has,0.0,0.0004798688054902454,-0.0004798688054902454
292,Holding,0.0,0.00048227185594056283,-0.00048227185594056283
41,Trump,0.0010913533968374477,0.001578463828152106,-0.00048711043131465827
242,dollar,0.0,0.0004931568384336812,-0.0004931568384336812
376,France,0.0,0.0004957101512899129,-0.0004957101512899129
348,announces,0.0,0.000496074030705863,-0.000496074030705863
274,report,0.0,0.0005038700628477996,-0.0005038700628477996
392,wins,0.0,0.0005113920854683786,-0.0005113920854683786
358,fund,0.0,0.0005284114851927996,-0.0005284114851927996
270,data,0.0,0.0005310311967245623,-0.0005310311967245623
45,Bank,0.0010083156383824245,0.001556933390702674,-0.0005486177523202494
365,signs,0.0,0.000550502584259676,-0.000550502584259676
354,May,0.0,0.0005508073033259989,-0.0005508073033259989
329,two,0.0,0.0005516733791928414,-0.0005516733791928414
48,deal,0.0009255021100442128,0.0014796116505321564,-0.0005541095404879436
287,CORRECTED,0.0,0.0005542706639623934,-0.0005542706639623934
251,government,0.0,0.0005615294308501182,-0.0005615294308501182
363,per,0.0,0.0005662862948259673,-0.0005662862948259673
345,ahead,0.0,0.0005663660266641532,-0.0005663660266641532
404,PM,0.0,0.0005842526501384629,-0.0005842526501384629
294,Saudi,0.0,0.0006016539687343109,-0.0006016539687343109
28,new,0.0013781933595223604,0.001994184652503898,-0.0006159912929815377
371,end,0.0,0.0006165686596939754,-0.0006165686596939754
269,International,0.0,0.0006239987651331067,-0.0006239987651331067
250,Inc,0.0,0.0006359529849555314,-0.0006359529849555314
337,no,0.0,0.0006481661775276522,-0.0006481661775276522
15,at,0.002605489635885338,0.003254368532220608,-0.0006488788963352698
105,FY,0.0005575392353408702,0.0012584950136404968,-0.0007009557782996266
19,and,0.002238306733530841,0.002949643098303893,-0.000711336364773052
174,Corp,0.0,0.0007185291349071019,-0.0007185291349071019
318,minister,0.0,0.0007408098876144609,-0.0007408098876144609
295,Q1,0.0,0.0007670343930673925,-0.0007670343930673925
38,Group,0.0011625286183703247,0.0019570963989406762,-0.0007945677805703516
192,.,0.0,0.0009138729775579782,-0.0009138729775579782
209,2017,0.0,0.001004305553986734,-0.001004305553986734
86,profit,0.000628714456873747,0.0017349077390118699,-0.0011061932821381229
3,in,0.012308172083033635,0.013483601018952886,-0.001175428935919251
10,says,0.004969543938715666,0.006166776434055672,-0.0011972324953400063
5,for,0.0070116844641393075,0.008320936380855862,-0.0013092519167165542
4,of,0.007489525227477354,0.009279443195588395,-0.0017899179681110404
0,BRIEF,0.02912252814386885,0.03321565418216188,-0.004093126038293031
