,Token,Frequency_2016,Frequency_2018,StandardDeviation,Mean,MeanMinusStdev
1,BRIEF,0.02912252814386885,0.039424377926774674,0.005150924891452913,0.03427345303532176,0.02912252814386885
0,to,0.03219492520670471,0.02314761255664928,0.004523656325027714,0.027671268881676994,0.02314761255664928
3,s,0.015231497408035682,0.015069588704850334,8.095435159267365e-05,0.015150543056443009,0.015069588704850336
2,in,0.019241034887721088,0.012308172083033635,0.0034664314023437268,0.01577460348537736,0.012308172083033635
4,of,0.014721408320383397,0.007489525227477353,0.003615941546453022,0.011105466773930376,0.007489525227477354
5,for,0.011933712143679047,0.007011684464139308,0.0024610138397698693,0.009472698303909177,0.0070116844641393075
6,on,0.011447348129871054,0.006629411853468873,0.002408968138201091,0.009038379991669964,0.006629411853468874
9,UPDATE,0.006358319790270347,0.0061817505067627045,8.82846417538212e-05,0.006270035148516526,0.0061817505067627045
8,U.S.,0.006476945159491809,0.00570390974342466,0.00038651770803357476,0.006090427451458234,0.00570390974342466
10,as,0.0061566566625938625,0.004989663549803582,0.0005834965563951402,0.005573160106198722,0.004989663549803582
7,says,0.009739142813082005,0.004969543938715665,0.0023847994371831703,0.007354343375898836,0.004969543938715666
12,1,0.005385591762654361,0.004476613467061682,0.0004544891477963396,0.004931102614858022,0.004476613467061682
19,up,0.0034401357074223893,0.0037221280512647692,0.00014099617192118996,0.0035811318793435793,0.0034401357074223893
20,China,0.0033452354120452198,0.003395184371086107,2.4974479520443625e-05,0.003370209891565663,0.0033452354120452193
13,with,0.0053381416149657765,0.003224167676838807,0.0010569869690634848,0.004281154645902291,0.0032241676768388064
14,at,0.004970402970379245,0.002605489635885338,0.0011824566672469536,0.0037879463031322918,0.002605489635885338
25,after,0.003024946915147273,0.002530041094305647,0.0002474529104208132,0.00277749400472646,0.002530041094305647
33,pct,0.0023487823105849417,0.005432294993737771,0.0015417563415764145,0.003890538652161356,0.0023487823105849412
34,2,0.002289469625974211,0.0027412970107287826,0.00022591369237728583,0.0025153833183514966,0.0022894696259742105
18,and,0.00365366137202102,0.002238306733530841,0.0007076773192450897,0.0029459840527759308,0.002238306733530841
28,over,0.002657208270560742,0.002182977803039067,0.0002371152337608375,0.0024200930367999046,0.002182977803039067
15,mln,0.0042705132919726215,0.0021628581919511496,0.001053827550010736,0.0032166857419618855,0.0021628581919511496
24,from,0.003060534525913712,0.001951602275528014,0.000554466125192849,0.002506068400720863,0.0019516022755280138
38,CEO,0.002099669035219872,0.0017805855812807138,0.00015954172696957907,0.0019401273082502927,0.0017805855812807136
29,shares,0.00263348319671645,0.0016699277202971666,0.0004817777382096416,0.0021517054585068083,0.0016699277202971668
30,by,0.0025860330490278653,0.0015793894704015372,0.000503321789313164,0.0020827112597147012,0.0015793894704015372
45,the,0.0017319303906333408,0.0015693296648575782,8.130036288788128e-05,0.0016506300277454595,0.0015693296648575782
32,bln,0.002514857827494988,0.001529090442681743,0.0004928836924066225,0.0020219741350883656,0.0015290904426817431
27,new,0.002858871398237227,0.0013781933595223604,0.0007403390193574332,0.0021185323788797937,0.0013781933595223604
41,UK,0.0018505557598548026,0.0013178345262586074,0.0002663606167980976,0.001584195143056705,0.0013178345262586074
44,unit,0.001743792927555487,0.0013077747207146486,0.00021800910342041917,0.0015257838241350677,0.0013077747207146484
56,down,0.0013048790614360788,0.001564299762085599,0.0001297103503247601,0.001434589411760839,0.001304879061436079
59,New,0.0012692914506696401,0.001302744817942669,1.672668363651448e-05,0.0012860181343061546,0.0012692914506696401
50,3,0.0013641917460468097,0.0012625055957668338,5.084307513998794e-05,0.0013133486709068216,0.0012625055957668336
61,sees,0.0012455663768253479,0.002912313704976083,0.0008333736640753675,0.0020789400409007156,0.001245566376825348
63,a,0.0012337038399032017,0.0014234624844701753,9.487932228348676e-05,0.0013285831621866885,0.0012337038399032017
16,EU,0.003926499721230383,0.0011719673458712044,0.0013772661876795891,0.0025492335335507935,0.0011719673458712044
66,year,0.0012099787660589095,0.001166937443099225,2.152066147984228e-05,0.001188458104579067,0.0011669374430992247
72,Group,0.0011625286183703247,0.003219137774066827,0.001028304577848251,0.0021908331962185758,0.0011625286183703247
68,Russia,0.0012099787660589095,0.0011166384153794308,4.667017533973932e-05,0.0011633085907191702,0.001116638415379431
80,India,0.0011032159337595938,0.0022684861501627174,0.0005826351082015618,0.0016858510419611556,0.0011032159337595938
81,Trump,0.0010913533968374477,0.0015039409288218459,0.0002062937659921991,0.0012976471628296468,0.0010913533968374477
73,German,0.0011625286183703247,0.0010864589987475543,3.803480981138521e-05,0.0011244938085589395,0.0010864589987475543
88,stocks,0.0010439032491488629,0.001302744817942669,0.0001294207843969031,0.0011733240335457659,0.0010439032491488627
11,Brexit,0.005646567574941577,0.00103615997102776,0.0023052038019569085,0.0033413637729846684,0.00103615997102776
93,Bank,0.0010083156383824245,0.0019365125672120757,0.00046409846441482563,0.0014724141027972501,0.0010083156383824245
94,sales,0.0009964531014602783,0.0010059805543958834,4.763726467802549e-06,0.0010012168279280808,0.0009964531014602781
55,oil,0.001316741598358225,0.0009908908460799452,0.00016292537613913987,0.001153816222219085,0.0009908908460799452
37,deal,0.002170844256752749,0.0009255021100442128,0.0006226710733542682,0.001548173183398481,0.0009255021100442128
60,will,0.001257428913747494,0.0009204722072722334,0.0001684783532376303,0.0010889505605098638,0.0009204722072722335
64,not,0.0012218413029810556,0.0009053824989562952,0.00015822940201238022,0.0010636119009686754,0.0009053824989562953
112,Technology,0.0009015528060831089,0.0016296884981213313,0.0003640678460191112,0.0012656206521022202,0.000901552806083109
36,share,0.0021827067936748953,0.0008953226934123364,0.0006436920501312795,0.0015390147435436158,0.0008953226934123363
69,yuan,0.001198116229136763,0.0008752030823244186,0.00016145657340617224,0.0010366596557305908,0.0008752030823244185
118,In,0.0008659651953166704,0.004889065494363994,0.0020115501495236617,0.0028775153448403323,0.0008659651953166706
114,South,0.0008659651953166704,0.0010160403599398424,7.503758231158602e-05,0.0009410027776282564,0.0008659651953166704
116,Japan,0.0008659651953166704,0.0008852628878683775,9.648846275853553e-06,0.000875614041592524,0.0008659651953166704
70,STOCKS,0.001198116229136763,0.0008651432767804598,0.00016648647617815163,0.0010316297529586115,0.00086514327678046
90,sources,0.0010320407122267168,0.000855083471236501,8.847862049510789e-05,0.0009435620917316089,0.000855083471236501
76,more,0.001126941007603886,0.0008500535684645216,0.00013844371956968224,0.0009884972880342038,0.0008500535684645215
124,talks,0.0008422401214723781,0.0009959207488519247,7.684031368977327e-05,0.0009190804351621514,0.0008422401214723781
123,fall,0.0008422401214723781,0.0008902927906403569,2.4026334583989383e-05,0.0008662664560563675,0.0008422401214723781
26,pay,0.002906321545925812,0.0008349638601485833,0.0010356788428886143,0.0018706427030371975,0.0008349638601485832
125,Russian,0.0008303775845502319,0.0008802329850963981,2.492770027308312e-05,0.000855305284823315,0.0008303775845502319
126,set,0.0008303775845502319,0.0008098143462886863,1.0281619130772805e-05,0.0008200959654194591,0.0008098143462886863
42,buy,0.00182683068601051,0.0008098143462886863,0.0005085081698609119,0.0013183225161495981,0.0008098143462886863
110,won,0.000913415343005255,0.0007997545407447274,5.6830401130263835e-05,0.0008565849418749913,0.0007997545407447274
132,off,0.0007829274368616472,0.0010562795821156777,0.00013667607262701526,0.0009196035094886625,0.0007829274368616472
135,5,0.0007710648999395011,0.0011870570541871427,0.0002079960771238208,0.0009790609770633219,0.0007710648999395011
39,Britain,0.0020522188875312874,0.0007645452213408715,0.000643836833095208,0.0014083820544360795,0.0007645452213408715
48,be,0.0014472295045018329,0.0007645452213408715,0.0003413421415804807,0.001105887362921352,0.0007645452213408714
91,firm,0.0010201781753045706,0.0007544854157969127,0.00013284637975382896,0.0008873317955507417,0.0007544854157969128
144,growth,0.0007473398260952087,0.0009255021100442128,8.908114197450206e-05,0.0008364209680697108,0.0007473398260952088
49,market,0.0014235044306575404,0.0007444256102529538,0.0003395394102022933,0.001083965020455247,0.0007444256102529537
127,US,0.0008303775845502319,0.0007243059991650361,5.3035792692597864e-05,0.000777341791857634,0.0007243059991650361
153,A,0.0007117522153287702,0.001433522290014134,0.0003608850373426819,0.001072637252671452,0.0007117522153287702
40,stake,0.002016631276764849,0.0006991564853051391,0.000658737395729855,0.001357893881034994,0.0006991564853051391
131,high,0.0007947899737837934,0.0006890966797611802,5.284664701130657e-05,0.0007419433267724868,0.0006890966797611802
167,trade,0.0006761646045623317,0.0006941265825331596,8.980988985413975e-06,0.0006851455935477456,0.0006761646045623317
170,Holdings,0.0006643020676401855,0.001458671803874031,0.0003971848681169228,0.0010614869357571082,0.0006643020676401854
145,sell,0.0007354772891730626,0.0006589172631293037,3.828001302187944e-05,0.0006971972761511832,0.0006589172631293037
23,dividend,0.0031910224320573196,0.0006438275548133654,0.001273597438621977,0.0019174249934353425,0.0006438275548133654
183,net,0.0006405769937958931,0.0026658484691490913,0.001012635737676599,0.0016532127314724922,0.0006405769937958931
74,may,0.0011388035445260324,0.000638797652041386,0.0002500029462423232,0.0008888005982837092,0.0006387976520413859
117,top,0.0008659651953166704,0.000638797652041386,0.00011358377163764218,0.0007523814236790282,0.0006387976520413859
169,its,0.0006643020676401855,0.0006337677492694066,1.526715918538944e-05,0.0006490349084547961,0.0006337677492694066
190,profit,0.000628714456873747,0.003958533481547802,0.0016649095123370274,0.0022936239692107744,0.000628714456873747
189,rise,0.000628714456873747,0.0007494555130249332,6.0370528075593094e-05,0.0006890849849493402,0.000628714456873747
188,Wall,0.000628714456873747,0.0009355619155881717,0.00015342372935721235,0.0007821381862309594,0.000628714456873747
187,European,0.000628714456873747,0.0006840667769892008,2.7676160057726917e-05,0.000656390616931474,0.000628714456873747
115,first,0.0008659651953166704,0.0006237079437254478,0.00012112862579561132,0.000744836569521059,0.0006237079437254477
155,into,0.0007117522153287702,0.0006186780409534684,4.65370871876509e-05,0.0006652151281411193,0.0006186780409534684
67,against,0.0012099787660589095,0.000613648138181489,0.00029816531393871024,0.0009118134521201992,0.0006136481381814889
47,million,0.001459092041423979,0.0006035883326375301,0.00042775185439322444,0.0010313401870307545,0.0006035883326375301
46,is,0.0015421297998790022,0.0006035883326375301,0.00046927073362073603,0.001072859066258266,0.00060358833263753
75,North,0.0011388035445260324,0.0005935285270935713,0.00027263750871623054,0.0008661660358098019,0.0005935285270935713
203,loss,0.0005931268461073085,0.0007695751241128508,8.822413900277118e-05,0.0006813509851100797,0.0005931268461073086
211,Olympics,0.0005931268461073085,0.0008047844435167068,0.00010582879870469914,0.0006989556448120076,0.0005931268461073085
215,bond,0.0005812643091851623,0.0007846648324287891,0.00010170026162181338,0.0006829645708069758,0.0005812643091851625
43,bank,0.0017793805383219256,0.0005734089160056536,0.000602985811158136,0.0011763947271637896,0.0005734089160056536
106,hit,0.0009252778799274013,0.0005734089160056536,0.00017593448196087387,0.0007493433979665274,0.0005734089160056536
104,out,0.0009371404168495474,0.0005734089160056536,0.00018186575042194693,0.0007552746664276005,0.0005734089160056536
219,4,0.0005694017722630162,0.0007796349296568097,0.00010511657869689676,0.000674518350959913,0.0005694017722630162
51,Brazil,0.001328604135280371,0.0005683790132336742,0.00038011256102334843,0.0009484915742570227,0.0005683790132336743
180,win,0.0006405769937958931,0.0005583192076897154,4.112889305308887e-05,0.0005994481007428043,0.0005583192076897155
225,FY,0.00055753923534087,0.004476613467061682,0.001959537115860406,0.002517076351201276,0.0005575392353408702
229,it,0.00055753923534087,0.0005633491104616948,2.904937560412415e-06,0.0005604441729012824,0.00055753923534087
231,Beijing,0.00055753923534087,0.0005834687215496124,1.2964743104371243e-05,0.0005705039784452413,0.00055753923534087
227,000,0.00055753923534087,0.0006488574575853449,4.5659111122237474e-05,0.0006031983464631074,0.00055753923534087
212,Canada,0.0005812643091851623,0.0005532893049177359,1.3987502133713217e-05,0.0005672768070514491,0.0005532893049177359
238,10,0.0005456766984187238,0.0008752030823244186,0.0001647631919528474,0.0007104398903715712,0.0005456766984187238
240,Energy,0.0005456766984187238,0.0008601133740084805,0.00015721833779487832,0.0007028950362136021,0.0005456766984187238
166,business,0.0006761646045623317,0.0005432294993737771,6.646755259427726e-05,0.0006096970519680544,0.0005432294993737771
184,IPO,0.000628714456873747,0.0005381995966017976,4.525743013597468e-05,0.0005834570267377723,0.0005381995966017975
193,percent,0.0006168519199516009,0.0005381995966017976,3.932616167490161e-05,0.0005775257582766992,0.0005381995966017975
243,Financial,0.0005338141614965777,0.0011266982209233896,0.00029644202971340595,0.0008302561912099836,0.0005338141614965777
242,MARKETS,0.0005338141614965777,0.001458671803874031,0.0004624288211887267,0.0009962429826853043,0.0005338141614965776
196,stock,0.0006168519199516009,0.0005331696938298183,4.1841113060891305e-05,0.0005750108068907096,0.0005331696938298183
96,Korea,0.0009845905645381322,0.0005331696938298183,0.00022571043535415697,0.0007588801291839752,0.0005331696938298183
84,Fed,0.0010676283229931554,0.0005281397910578389,0.00026974426596765825,0.0007978840570254972,0.000528139791057839
186,worth,0.000628714456873747,0.0005281397910578389,5.028733290795407e-05,0.000578427123965793,0.000528139791057839
141,rises,0.0007473398260952087,0.0005231098882858595,0.00011211496890467461,0.000635224857190534,0.0005231098882858595
79,plans,0.0011032159337595938,0.0005231098882858595,0.00029005302273686715,0.0008131629110227266,0.0005231098882858595
255,State,0.0005219516245744314,0.0005231098882858595,5.791318557140193e-07,0.0005225307564301455,0.0005219516245744316
253,but,0.0005219516245744314,0.0005683790132336742,2.321369432962137e-05,0.0005451653189040528,0.0005219516245744314
254,50,0.0005219516245744314,0.0005583192076897154,1.818379155764198e-05,0.0005401354161320734,0.0005219516245744314
250,low,0.0005219516245744314,0.0005482594021457565,1.315388878566254e-05,0.0005351055133600939,0.0005219516245744313
263,CFO,0.0005100890876522853,0.0006840667769892008,8.698884466845776e-05,0.0005970779323207431,0.0005100890876522853
185,week,0.000628714456873747,0.0005080201799699212,6.0347138451912895e-05,0.0005683673184218341,0.0005080201799699212
165,billion,0.0006761646045623317,0.0005080201799699212,8.407221229620522e-05,0.0005920923922661265,0.0005080201799699212
216,20,0.0005812643091851623,0.0005029902771979417,3.9137015993610314e-05,0.0005421272931915521,0.0005029902771979417
105,court,0.0009252778799274013,0.0005029902771979417,0.0002111438013647298,0.0007141340785626715,0.0005029902771979417
95,record,0.0009845905645381322,0.0005029902771979417,0.00024080014367009524,0.000743790420868037,0.0005029902771979417
264,Capital,0.0004982265507301392,0.0013681335539784017,0.00043495350162413125,0.0009331800523542705,0.0004982265507301393
269,tax,0.0004982265507301392,0.0006689770686732626,8.53752589715617e-05,0.0005836018097017009,0.0004982265507301392
268,prices,0.0004982265507301392,0.0005029902771979417,2.3818632339012743e-06,0.0005006084139640404,0.0004982265507301391
138,RPT,0.0007710648999395011,0.0004979603744259623,0.00013655226275676938,0.0006345126371827318,0.0004979603744259624
58,banks,0.0012811539875917863,0.0004979603744259623,0.000391596806582912,0.0008895571810088744,0.0004979603744259624
235,calls,0.0005456766984187238,0.0004979603744259623,2.3858161996380748e-05,0.000521818536422343,0.0004979603744259622
53,could,0.001328604135280371,0.0004929304716539829,0.00041783683181319405,0.000910767303467177,0.0004929304716539829
111,bonds,0.000913415343005255,0.0004929304716539829,0.00021024243567563605,0.0007031729073296189,0.0004929304716539829
223,Shenzhen,0.0005694017722630162,0.0004929304716539829,3.823565030451663e-05,0.0005311661219584995,0.0004929304716539829
274,back,0.000486364013807993,0.0006538873603573243,8.376167327466566e-05,0.0005701256870826587,0.00048636401380799303
272,Australia,0.000486364013807993,0.0008047844435167068,0.0001592102148543569,0.0006455742286623499,0.00048636401380799303
270,higher,0.000486364013807993,0.0006890966797611802,0.00010136633297659362,0.0005877303467845866,0.0004863640138079929
152,debt,0.0007236147522509164,0.0004778407633380447,0.00012288699445643588,0.0006007277577944805,0.0004778407633380446
237,source,0.0005456766984187238,0.000457721152250127,4.39777730842984e-05,0.0005016989253344255,0.0004577211522501271
281,amid,0.0004745014768858468,0.000457721152250127,8.390162317859883e-06,0.0004661113145679869,0.000457721152250127
109,police,0.000913415343005255,0.0004476613467061682,0.00023287699814954343,0.0006805383448557116,0.00044766134670616825
289,revenue,0.00046263893996370065,0.0004476613467061682,7.488796628766229e-06,0.0004551501433349344,0.00044766134670616814
97,plan,0.0009845905645381322,0.00044263144393418875,0.0002709795603019717,0.0007136110042361605,0.0004426314439341888
178,group,0.0006405769937958931,0.00044263144393418875,9.89727749308522e-05,0.0005416042188650409,0.0004426314439341887
241,day,0.0005338141614965777,0.0004376015411622093,4.810631016718419e-05,0.0004857078513293935,0.00043760154116220936
54,chief,0.001316741598358225,0.0004376015411622093,0.0004395700285980078,0.0008771715697602171,0.0004376015411622093
143,than,0.0007473398260952087,0.0004275417356182505,0.0001598990452384791,0.0005874407808567296,0.0004275417356182505
210,raises,0.0005931268461073085,0.0004225118328462711,8.53075066305187e-05,0.0005078193394767898,0.00042251183284627115
149,about,0.0007236147522509164,0.0004225118328462711,0.00015055145970232267,0.0005730632925485938,0.00042251183284627115
271,Oil,0.000486364013807993,0.0004225118328462711,3.192609048086094e-05,0.000454437923327132,0.0004225118328462711
391,Partners,0.0,0.0005432294993737771,0.00027161474968688857,0.00027161474968688857,0.0
430,global,0.0,0.00044263144393418875,0.00022131572196709438,0.00022131572196709438,0.0
337,Percent,0.0,0.0010311300682557807,0.0005155650341278903,0.0005155650341278903,0.0
336,Revenue,0.0,0.0010663393876596365,0.0005331696938298183,0.0005331696938298183,0.0
428,past,0.0,0.0004476613467061682,0.0002238306733530841,0.0002238306733530841,0.0
335,Rises,0.0,0.0010663393876596365,0.0005331696938298183,0.0005331696938298183,0.0
334,Investment,0.0,0.00112166831815141,0.000560834159075705,0.000560834159075705,0.0
429,Medical,0.0,0.0004476613467061682,0.0002238306733530841,0.0002238306733530841,0.0
431,Bancorp,0.0,0.00044263144393418875,0.00022131572196709438,0.00022131572196709438,0.0
432,risk,0.0,0.0004376015411622093,0.00021880077058110465,0.00021880077058110465,0.0
333,Expects,0.0,0.001166937443099225,0.0005834687215496124,0.0005834687215496124,0.0
332,From,0.0,0.0012323261791349573,0.0006161630895674786,0.0006161630895674786,0.0
331,Jan,0.0,0.0012373560819069367,0.0006186780409534684,0.0006186780409534684,0.0
330,Agreement,0.0,0.0012423859846789162,0.0006211929923394581,0.0006211929923394581,0.0
329,Co,0.0,0.0013379541373465251,0.0006689770686732626,0.0006689770686732626,0.0
328,Qtr,0.0,0.0013379541373465251,0.0006689770686732626,0.0006689770686732626,0.0
338,Corp,0.0,0.0010261001654838012,0.0005130500827419006,0.0005130500827419006,0.0
339,Sees,0.0,0.0010009506516239042,0.0005004753258119521,0.0005004753258119521,0.0
340,Board,0.0,0.0009858609433079659,0.0004929304716539829,0.0004929304716539829,0.0
343,The,0.0,0.0009255021100442128,0.0004627510550221064,0.0004627510550221064,0.0
347,LIVE,0.0,0.0008701731795524392,0.0004350865897762196,0.0004350865897762196,0.0
420,month,0.0,0.0004627510550221064,0.0002313755275110532,0.0002313755275110532,0.0
346,Stake,0.0,0.0008902927906403569,0.00044514639532017844,0.00044514639532017844,0.0
345,No,0.0,0.0009104124017282745,0.00045520620086413727,0.00045520620086413727,0.0
344,Bln,0.0,0.0009104124017282745,0.00045520620086413727,0.00045520620086413727,0.0
421,Gets,0.0,0.0004627510550221064,0.0002313755275110532,0.0002313755275110532,0.0
422,GLOBAL,0.0,0.0004627510550221064,0.0002313755275110532,0.0002313755275110532,0.0
341,Posts,0.0,0.0009858609433079659,0.0004929304716539829,0.0004929304716539829,0.0
423,Halt,0.0,0.000457721152250127,0.0002288605761250635,0.0002288605761250635,0.0
342,Unit,0.0,0.00095065162390411,0.000475325811952055,0.000475325811952055,0.0
424,Pharmaceutical,0.0,0.000457721152250127,0.0002288605761250635,0.0002288605761250635,0.0
425,Chairman,0.0,0.000457721152250127,0.0002288605761250635,0.0002288605761250635,0.0
426,Bowl,0.0,0.0004526912494781476,0.0002263456247390738,0.0002263456247390738,0.0
427,Singapore,0.0,0.0004476613467061682,0.0002238306733530841,0.0002238306733530841,0.0
327,.,0.0,0.0014234624844701753,0.0007117312422350876,0.0007117312422350876,0.0
433,outlook,0.0,0.0004376015411622093,0.00021880077058110465,0.00021880077058110465,0.0
390,Trade,0.0,0.0005432294993737771,0.00027161474968688857,0.00027161474968688857,0.0
309,Per,0.0,0.0030078818576436918,0.0015039409288218459,0.0015039409288218459,0.0
314,And,0.0,0.0021477684836352113,0.0010738842418176056,0.0010738842418176056,0.0
313,2018,0.0,0.0022181871224429234,0.0011090935612214617,0.0011090935612214617,0.0
312,Reports,0.0,0.002550160705393565,0.0012750803526967824,0.0012750803526967824,0.0
311,Net,0.0,0.002877104385572227,0.0014385521927861135,0.0014385521927861135,0.0
310,Announces,0.0,0.002972672538239836,0.001486336269119918,0.001486336269119918,0.0
440,Q2,0.0,0.0004225118328462711,0.00021125591642313555,0.00021125591642313555,0.0
308,For,0.0,0.00354105155147351,0.001770525775736755,0.001770525775736755,0.0
326,Shares,0.0,0.0014284923872421545,0.0007142461936210773,0.0007142461936210773,0.0
307,Q4,0.0,0.003596380481965284,0.001798190240982642,0.001798190240982642,0.0
306,Share,0.0,0.003646679509685078,0.001823339754842539,0.001823339754842539,0.0
305,Mln,0.0,0.0038126663011603984,0.0019063331505801992,0.0019063331505801992,0.0
304,Profit,0.0,0.0040088325092675955,0.0020044162546337977,0.0020044162546337977,0.0
303,Says,0.0,0.004325716383902299,0.0021628581919511496,0.0021628581919511496,0.0
302,2017,0.0,0.00569887984065268,0.00284943992032634,0.00284943992032634,0.0
315,Million,0.0,0.002087409650371458,0.001043704825185729,0.001043704825185729,0.0
316,With,0.0,0.0019968714004758286,0.0009984357002379143,0.0009984357002379143,0.0
439,lower,0.0,0.0004275417356182505,0.00021377086780912524,0.00021377086780912524,0.0
317,As,0.0,0.0019968714004758286,0.0009984357002379143,0.0009984357002379143,0.0
318,Y,0.0,0.0018862135394922817,0.0009431067697461408,0.0009431067697461408,0.0
319,Up,0.0,0.001830884609000508,0.000915442304500254,0.000915442304500254,0.0
320,At,0.0,0.001745376261876858,0.000872688130938429,0.000872688130938429,0.0
321,Dec,0.0,0.0017302865535609197,0.0008651432767804598,0.0008651432767804598,0.0
322,Loss,0.0,0.0016699277202971666,0.0008349638601485833,0.0008349638601485833,0.0
438,Estate,0.0,0.0004325716383902299,0.00021628581919511496,0.00021628581919511496,0.0
323,Earnings,0.0,0.0016648978175251873,0.0008324489087625937,0.0008324489087625937,0.0
437,Tech,0.0,0.0004325716383902299,0.00021628581919511496,0.00021628581919511496,0.0
436,earnings,0.0,0.0004325716383902299,0.00021628581919511496,0.00021628581919511496,0.0
435,sanctions,0.0,0.0004325716383902299,0.00021628581919511496,0.00021628581919511496,0.0
434,Senior,0.0,0.0004325716383902299,0.00021628581919511496,0.00021628581919511496,0.0
324,Pct,0.0,0.001614598789805393,0.0008072993949026965,0.0008072993949026965,0.0
325,On,0.0,0.0015944791787174755,0.0007972395893587377,0.0007972395893587377,0.0
419,Contract,0.0,0.0004627510550221064,0.0002313755275110532,0.0002313755275110532,0.0
348,yields,0.0,0.0008651432767804598,0.0004325716383902299,0.0004325716383902299,0.0
418,cut,0.0,0.00046778095779408585,0.00023389047889704292,0.00023389047889704292,0.0
398,100,0.0,0.0005130500827419006,0.0002565250413709503,0.0002565250413709503,0.0
376,Management,0.0,0.0005935285270935713,0.00029676426354678567,0.00029676426354678567,0.0
396,GAAP,0.0,0.0005281397910578389,0.00026406989552891943,0.00026406989552891943,0.0
375,Syria,0.0,0.0005935285270935713,0.00029676426354678567,0.00029676426354678567,0.0
397,Rise,0.0,0.00051807998551388,0.00025903999275694,0.00025903999275694,0.0
374,falls,0.0,0.0005985584298655507,0.00029927921493277536,0.00029927921493277536,0.0
373,Business,0.0,0.0005985584298655507,0.00029927921493277536,0.00029927921493277536,0.0
399,demand,0.0,0.0005029902771979417,0.00025149513859897086,0.00025149513859897086,0.0
378,Asia,0.0,0.0005884986243215918,0.0002942493121607959,0.0002942493121607959,0.0
400,Income,0.0,0.0005029902771979417,0.00025149513859897086,0.00025149513859897086,0.0
401,EUR,0.0,0.0005029902771979417,0.00025149513859897086,0.00025149513859897086,0.0
402,Trading,0.0,0.0005029902771979417,0.00025149513859897086,0.00025149513859897086,0.0
403,dollar,0.0,0.0005029902771979417,0.00025149513859897086,0.00025149513859897086,0.0
404,tech,0.0,0.0004979603744259623,0.00024898018721298117,0.00024898018721298117,0.0
405,First,0.0,0.0004979603744259623,0.00024898018721298117,0.00024898018721298117,0.0
377,About,0.0,0.0005884986243215918,0.0002942493121607959,0.0002942493121607959,0.0
379,Stock,0.0,0.0005834687215496124,0.0002917343607748062,0.0002917343607748062,0.0
349,Yuan,0.0,0.0008500535684645216,0.0004250267842322608,0.0004250267842322608,0.0
392,Development,0.0,0.0005432294993737771,0.00027161474968688857,0.00027161474968688857,0.0
389,Year,0.0,0.0005432294993737771,0.00027161474968688857,0.00027161474968688857,0.0
388,Inc,0.0,0.0005532893049177359,0.00027664465245886796,0.00027664465245886796,0.0
387,government,0.0,0.0005532893049177359,0.00027664465245886796,0.00027664465245886796,0.0
386,Feb,0.0,0.0005532893049177359,0.00027664465245886796,0.00027664465245886796,0.0
385,Notes,0.0,0.0005583192076897154,0.0002791596038448577,0.0002791596038448577,0.0
384,S,0.0,0.0005583192076897154,0.0002791596038448577,0.0002791596038448577,0.0
393,Apple,0.0,0.0005432294993737771,0.00027161474968688857,0.00027161474968688857,0.0
380,Shanghai,0.0,0.0005834687215496124,0.0002917343607748062,0.0002917343607748062,0.0
394,Street,0.0,0.0005381995966017976,0.0002690997983008988,0.0002690997983008988,0.0
383,Falls,0.0,0.0005734089160056536,0.0002867044580028268,0.0002867044580028268,0.0
395,opposition,0.0,0.0005281397910578389,0.00026406989552891943,0.00026406989552891943,0.0
300,To,0.0,0.00932543973924984,0.00466271986962492,0.00466271986962492,0.0
382,Down,0.0,0.0005784388187776331,0.00028921940938881653,0.00028921940938881653,0.0
381,31,0.0,0.0005784388187776331,0.00028921940938881653,0.00028921940938881653,0.0
372,Q3,0.0,0.0006237079437254478,0.0003118539718627239,0.0003118539718627239,0.0
371,Issue,0.0,0.0006237079437254478,0.0003118539718627239,0.0003118539718627239,0.0
406,Super,0.0,0.0004979603744259623,0.00024898018721298117,0.00024898018721298117,0.0
353,Euros,0.0,0.0007896947352007686,0.0003948473676003843,0.0003948473676003843,0.0
411,inflation,0.0,0.0004828706661100241,0.00024143533305501206,0.00024143533305501206,0.0
356,By,0.0,0.0007494555130249332,0.0003747277565124666,0.0003747277565124666,0.0
355,International,0.0,0.0007645452213408715,0.00038227261067043573,0.00038227261067043573,0.0
412,data,0.0,0.0004778407633380447,0.00023892038166902234,0.00023892038166902234,0.0
413,Securities,0.0,0.0004778407633380447,0.00023892038166902234,0.00023892038166902234,0.0
354,Offering,0.0,0.0007746050268848303,0.00038730251344241517,0.00038730251344241517,0.0
414,Africa,0.0,0.0004778407633380447,0.00023892038166902234,0.00023892038166902234,0.0
370,report,0.0,0.0006237079437254478,0.0003118539718627239,0.0003118539718627239,0.0
352,Signs,0.0,0.0008098143462886863,0.00040490717314434313,0.00040490717314434313,0.0
415,Acquire,0.0,0.0004778407633380447,0.00023892038166902234,0.00023892038166902234,0.0
351,Appoints,0.0,0.0008098143462886863,0.00040490717314434313,0.00040490717314434313,0.0
416,St,0.0,0.00047281086056606523,0.00023640543028303262,0.00023640543028303262,0.0
350,Dividend,0.0,0.0008450236656925422,0.0004225118328462711,0.0004225118328462711,0.0
417,REFILE,0.0,0.00047281086056606523,0.00023640543028303262,0.00023640543028303262,0.0
410,Common,0.0,0.0004879005688820035,0.00024395028444100175,0.00024395028444100175,0.0
409,Consol,0.0,0.0004879005688820035,0.00024395028444100175,0.00024395028444100175,0.0
357,Qtrly,0.0,0.0007393957074809744,0.0003696978537404872,0.0003696978537404872,0.0
358,EPS,0.0,0.0007192760963930568,0.0003596380481965284,0.0003596380481965284,0.0
359,January,0.0,0.0007041863880771185,0.00035209319403855925,0.00035209319403855925,0.0
360,Sales,0.0,0.0006890966797611802,0.0003445483398805901,0.0003445483398805901,0.0
361,CORRECTED,0.0,0.000674006971445242,0.000337003485722621,0.000337003485722621,0.0
362,Its,0.0,0.000674006971445242,0.000337003485722621,0.000337003485722621,0.0
408,House,0.0,0.0004929304716539829,0.00024646523582699147,0.00024646523582699147,0.0
363,cash,0.0,0.000674006971445242,0.000337003485722621,0.000337003485722621,0.0
364,Global,0.0,0.0006639471659012832,0.0003319735829506416,0.0003319735829506416,0.0
365,Holding,0.0,0.0006538873603573243,0.00032694368017866215,0.00032694368017866215,0.0
366,6,0.0,0.000638797652041386,0.000319398826020693,0.000319398826020693,0.0
367,Saudi,0.0,0.0006337677492694066,0.0003168838746347033,0.0003168838746347033,0.0
368,Q1,0.0,0.0006337677492694066,0.0003168838746347033,0.0003168838746347033,0.0
407,drop,0.0,0.0004929304716539829,0.00024646523582699147,0.00024646523582699147,0.0
369,30,0.0,0.0006287378464974273,0.00031436892324871363,0.00031436892324871363,0.0
301,Of,0.0,0.009169512753318478,0.004584756376659239,0.004584756376659239,0.0
221,merger,0.0005694017722630162,0.0,0.0002847008861315081,0.0002847008861315081,0.0
299,protest,0.00045077640304155446,0.0,0.00022538820152077723,0.00022538820152077723,0.0
147,California,0.0007354772891730626,0.0,0.0003677386445865313,0.0003677386445865313,0.0
157,ECB,0.0007117522153287702,0.0,0.0003558761076643851,0.0003558761076643851,0.0
156,campaign,0.0007117522153287702,0.0,0.0003558761076643851,0.0003558761076643851,0.0
154,Fitch,0.0007117522153287702,0.0,0.0003558761076643851,0.0003558761076643851,0.0
151,economy,0.0007236147522509164,0.0,0.0003618073761254582,0.0003618073761254582,0.0
150,equity,0.0007236147522509164,0.0,0.0003618073761254582,0.0003618073761254582,0.0
148,launch,0.0007236147522509164,0.0,0.0003618073761254582,0.0003618073761254582,0.0
146,placement,0.0007354772891730626,0.0,0.0003677386445865313,0.0003677386445865313,0.0
159,Supreme,0.0006880271414844779,0.0,0.00034401357074223895,0.00034401357074223895,0.0
142,trial,0.0007473398260952087,0.0,0.00037366991304760435,0.00037366991304760435,0.0
140,killed,0.0007592023630173549,0.0,0.00037960118150867747,0.00037960118150867747,0.0
139,Yellen,0.0007592023630173549,0.0,0.00037960118150867747,0.00037960118150867747,0.0
137,bid,0.0007710648999395011,0.0,0.00038553244996975054,0.00038553244996975054,0.0
136,case,0.0007710648999395011,0.0,0.00038553244996975054,0.00038553244996975054,0.0
134,offering,0.0007829274368616472,0.0,0.0003914637184308236,0.0003914637184308236,0.0
158,t,0.000699889678406624,0.0,0.000349944839203312,0.000349944839203312,0.0
160,22,0.0006880271414844779,0.0,0.00034401357074223895,0.00034401357074223895,0.0
130,minister,0.0008066525107059396,0.0,0.0004033262553529698,0.0004033262553529698,0.0
174,reports,0.0006524395307180394,0.0,0.0003262197653590197,0.0003262197653590197,0.0
182,power,0.0006405769937958931,0.0,0.00032028849689794657,0.00032028849689794657,0.0
181,names,0.0006405769937958931,0.0,0.00032028849689794657,0.00032028849689794657,0.0
179,would,0.0006405769937958931,0.0,0.00032028849689794657,0.00032028849689794657,0.0
177,Chinese,0.0006405769937958931,0.0,0.00032028849689794657,0.00032028849689794657,0.0
176,div,0.0006524395307180394,0.0,0.0003262197653590197,0.0003262197653590197,0.0
175,Mexico,0.0006524395307180394,0.0,0.0003262197653590197,0.0003262197653590197,0.0
173,Indian,0.0006643020676401855,0.0,0.00033215103382009276,0.00033215103382009276,0.0
161,York,0.0006880271414844779,0.0,0.00034401357074223895,0.00034401357074223895,0.0
172,Senate,0.0006643020676401855,0.0,0.00033215103382009276,0.00033215103382009276,0.0
171,two,0.0006643020676401855,0.0,0.00033215103382009276,0.00033215103382009276,0.0
168,investment,0.0006643020676401855,0.0,0.00033215103382009276,0.00033215103382009276,0.0
164,watch,0.0006761646045623317,0.0,0.00033808230228116583,0.00033808230228116583,0.0
163,sells,0.0006761646045623317,0.0,0.00033808230228116583,0.00033808230228116583,0.0
162,foreign,0.0006761646045623317,0.0,0.00033808230228116583,0.00033808230228116583,0.0
133,trading,0.0007829274368616472,0.0,0.0003914637184308236,0.0003914637184308236,0.0
129,sale,0.0008066525107059396,0.0,0.0004033262553529698,0.0004033262553529698,0.0
298,second,0.00046263893996370065,0.0,0.00023131946998185032,0.00023131946998185032,0.0
62,no,0.0012455663768253479,0.0,0.0006227831884126739,0.0006227831884126739,0.0
83,buys,0.0010676283229931554,0.0,0.0005338141614965777,0.0005338141614965777,0.0
82,issue,0.0010794908599153015,0.0,0.0005397454299576508,0.0005397454299576508,0.0
78,Orlando,0.00111507847068174,0.0,0.00055753923534087,0.00055753923534087,0.0
77,2016,0.00111507847068174,0.0,0.00055753923534087,0.00055753923534087,0.0
71,referendum,0.001198116229136763,0.0,0.0005990581145683816,0.0005990581145683816,0.0
65,central,0.0012218413029810556,0.0,0.0006109206514905278,0.0006109206514905278,0.0
57,Preview,0.0012930165245139326,0.0,0.0006465082622569663,0.0006465082622569663,0.0
86,ahead,0.0010557657860710092,0.0,0.0005278828930355046,0.0005278828930355046,0.0
52,agreement,0.001328604135280371,0.0,0.0006643020676401855,0.0006643020676401855,0.0
35,PlayerWatch,0.002277607089052065,0.0,0.0011388035445260324,0.0011388035445260324,0.0
31,announces,0.0025385829013392803,0.0,0.0012692914506696401,0.0012692914506696401,0.0
22,vote,0.0032384725797459045,0.0,0.0016192362898729523,0.0016192362898729523,0.0
21,June,0.0033096478012787814,0.0,0.0016548239006393907,0.0016548239006393907,0.0
17,2015,0.0037129740566317513,0.0,0.0018564870283158757,0.0018564870283158757,0.0
85,board,0.0010557657860710092,0.0,0.0005278828930355046,0.0005278828930355046,0.0
87,private,0.0010439032491488629,0.0,0.0005219516245744314,0.0005219516245744314,0.0
128,May,0.0008185150476280857,0.0,0.00040925752381404287,0.00040925752381404287,0.0
107,British,0.000913415343005255,0.0,0.0004567076715026275,0.0004567076715026275,0.0
122,Court,0.0008541026583945243,0.0,0.00042705132919726213,0.00042705132919726213,0.0
121,before,0.0008541026583945243,0.0,0.00042705132919726213,0.00042705132919726213,0.0
120,fund,0.0008541026583945243,0.0,0.00042705132919726213,0.00042705132919726213,0.0
119,has,0.0008541026583945243,0.0,0.00042705132919726213,0.00042705132919726213,0.0
113,gets,0.0009015528060831089,0.0,0.00045077640304155446,0.00045077640304155446,0.0
108,appoints,0.000913415343005255,0.0,0.0004567076715026275,0.0004567076715026275,0.0
103,capital,0.0009371404168495474,0.0,0.0004685702084247737,0.0004685702084247737,0.0
89,per,0.0010320407122267168,0.0,0.0005160203561133584,0.0005160203561133584,0.0
102,Aug.,0.0009371404168495474,0.0,0.0004685702084247737,0.0004685702084247737,0.0
101,signs,0.0009371404168495474,0.0,0.0004685702084247737,0.0004685702084247737,0.0
100,July,0.0009490029537716936,0.0,0.0004745014768858468,0.0004745014768858468,0.0
99,fears,0.0009490029537716936,0.0,0.0004745014768858468,0.0004745014768858468,0.0
98,Rio,0.000972728027615986,0.0,0.000486364013807993,0.000486364013807993,0.0
92,rules,0.0010201781753045706,0.0,0.0005100890876522853,0.0005100890876522853,0.0
191,funds,0.000628714456873747,0.0,0.0003143572284368735,0.0003143572284368735,0.0
192,end,0.0006168519199516009,0.0,0.00030842595997580043,0.00030842595997580043,0.0
194,contract,0.0006168519199516009,0.0,0.00030842595997580043,0.00030842595997580043,0.0
265,former,0.0004982265507301392,0.0,0.0002491132753650696,0.0002491132753650696,0.0
277,military,0.000486364013807993,0.0,0.0002431820069039965,0.0002431820069039965,0.0
276,take,0.000486364013807993,0.0,0.0002431820069039965,0.0002431820069039965,0.0
275,France,0.000486364013807993,0.0,0.0002431820069039965,0.0002431820069039965,0.0
273,Europe,0.000486364013807993,0.0,0.0002431820069039965,0.0002431820069039965,0.0
267,FOREX,0.0004982265507301392,0.0,0.0002491132753650696,0.0002491132753650696,0.0
266,that,0.0004982265507301392,0.0,0.0002491132753650696,0.0002491132753650696,0.0
262,acquisition,0.0005100890876522853,0.0,0.00025504454382614265,0.00025504454382614265,0.0
279,rights,0.0004745014768858468,0.0,0.0002372507384429234,0.0002372507384429234,0.0
261,price,0.0005100890876522853,0.0,0.00025504454382614265,0.00025504454382614265,0.0
260,Tesla,0.0005100890876522853,0.0,0.00025504454382614265,0.00025504454382614265,0.0
259,Pharma,0.0005100890876522853,0.0,0.00025504454382614265,0.00025504454382614265,0.0
258,backs,0.0005100890876522853,0.0,0.00025504454382614265,0.00025504454382614265,0.0
257,shooting,0.0005100890876522853,0.0,0.00025504454382614265,0.00025504454382614265,0.0
256,lead,0.0005219516245744314,0.0,0.0002609758122872157,0.0002609758122872157,0.0
278,Iran,0.000486364013807993,0.0,0.0002431820069039965,0.0002431820069039965,0.0
280,Nigeria,0.0004745014768858468,0.0,0.0002372507384429234,0.0002372507384429234,0.0
195,Egypt,0.0006168519199516009,0.0,0.00030842595997580043,0.00030842595997580043,0.0
291,Factors,0.00046263893996370065,0.0,0.00023131946998185032,0.00023131946998185032,0.0
297,wins,0.00046263893996370065,0.0,0.00023131946998185032,0.00023131946998185032,0.0
296,offer,0.00046263893996370065,0.0,0.00023131946998185032,0.00023131946998185032,0.0
295,company,0.00046263893996370065,0.0,0.00023131946998185032,0.00023131946998185032,0.0
294,loan,0.00046263893996370065,0.0,0.00023131946998185032,0.00023131946998185032,0.0
293,open,0.00046263893996370065,0.0,0.00023131946998185032,0.00023131946998185032,0.0
292,expects,0.00046263893996370065,0.0,0.00023131946998185032,0.00023131946998185032,0.0
290,seeks,0.00046263893996370065,0.0,0.00023131946998185032,0.00023131946998185032,0.0
282,hopes,0.0004745014768858468,0.0,0.0002372507384429234,0.0002372507384429234,0.0
288,Taiwan,0.00046263893996370065,0.0,0.00023131946998185032,0.00023131946998185032,0.0
287,dead,0.00046263893996370065,0.0,0.00023131946998185032,0.00023131946998185032,0.0
286,polls,0.0004745014768858468,0.0,0.0002372507384429234,0.0002372507384429234,0.0
285,firms,0.0004745014768858468,0.0,0.0002372507384429234,0.0002372507384429234,0.0
284,PM,0.0004745014768858468,0.0,0.0002372507384429234,0.0002372507384429234,0.0
283,investors,0.0004745014768858468,0.0,0.0002372507384429234,0.0002372507384429234,0.0
252,close,0.0005219516245744314,0.0,0.0002609758122872157,0.0002609758122872157,0.0
251,French,0.0005219516245744314,0.0,0.0002609758122872157,0.0002609758122872157,0.0
249,Sox,0.0005219516245744314,0.0,0.0002609758122872157,0.0002609758122872157,0.0
205,state,0.0005931268461073085,0.0,0.00029656342305365424,0.00029656342305365424,0.0
214,credit,0.0005812643091851623,0.0,0.0002906321545925812,0.0002906321545925812,0.0
213,watchdog,0.0005812643091851623,0.0,0.0002906321545925812,0.0002906321545925812,0.0
209,euros,0.0005931268461073085,0.0,0.00029656342305365424,0.00029656342305365424,0.0
208,study,0.0005931268461073085,0.0,0.00029656342305365424,0.00029656342305365424,0.0
207,missile,0.0005931268461073085,0.0,0.00029656342305365424,0.00029656342305365424,0.0
206,21,0.0005931268461073085,0.0,0.00029656342305365424,0.00029656342305365424,0.0
204,have,0.0005931268461073085,0.0,0.00029656342305365424,0.00029656342305365424,0.0
248,show,0.0005338141614965777,0.0,0.00026690708074828884,0.00026690708074828884,0.0
202,date,0.0005931268461073085,0.0,0.00029656342305365424,0.00029656342305365424,0.0
201,markets,0.0006049893830294547,0.0,0.00030249469151472736,0.00030249469151472736,0.0
200,public,0.0006049893830294547,0.0,0.00030249469151472736,0.00030249469151472736,0.0
199,due,0.0006049893830294547,0.0,0.00030249469151472736,0.00030249469151472736,0.0
198,regulator,0.0006049893830294547,0.0,0.00030249469151472736,0.00030249469151472736,0.0
197,president,0.0006168519199516009,0.0,0.00030842595997580043,0.00030842595997580043,0.0
217,head,0.0005812643091851623,0.0,0.0002906321545925812,0.0002906321545925812,0.0
218,offers,0.0005812643091851623,0.0,0.0002906321545925812,0.0002906321545925812,0.0
220,Islamic,0.0005694017722630162,0.0,0.0002847008861315081,0.0002847008861315081,0.0
222,change,0.0005694017722630162,0.0,0.0002847008861315081,0.0002847008861315081,0.0
224,approves,0.0005694017722630162,0.0,0.0002847008861315081,0.0002847008861315081,0.0
226,Sterling,0.00055753923534087,0.0,0.000278769617670435,0.000278769617670435,0.0
228,warns,0.00055753923534087,0.0,0.000278769617670435,0.000278769617670435,0.0
230,claims,0.00055753923534087,0.0,0.000278769617670435,0.000278769617670435,0.0
232,acquire,0.0005456766984187238,0.0,0.0002728383492093619,0.0002728383492093619,0.0
233,T,0.0005456766984187238,0.0,0.0002728383492093619,0.0002728383492093619,0.0
234,rate,0.0005456766984187238,0.0,0.0002728383492093619,0.0002728383492093619,0.0
236,yen,0.0005456766984187238,0.0,0.0002728383492093619,0.0002728383492093619,0.0
239,launches,0.0005456766984187238,0.0,0.0002728383492093619,0.0002728383492093619,0.0
244,Germany,0.0005338141614965777,0.0,0.00026690708074828884,0.00026690708074828884,0.0
245,gas,0.0005338141614965777,0.0,0.00026690708074828884,0.00026690708074828884,0.0
246,patent,0.0005338141614965777,0.0,0.00026690708074828884,0.00026690708074828884,0.0
247,all,0.0005338141614965777,0.0,0.00026690708074828884,0.00026690708074828884,0.0
441,Syrian,0.0,0.00041748193007429165,0.00020874096503714583,0.00020874096503714583,0.0
